{"cameraMode":{"drawMode":0,"name":"Shaded","section":"Shading Mode"},"sceneLighting":true,"audioPlay":false,"sceneViewState":{"m_AlwaysRefresh":false,"showFog":true,"showSkybox":true,"showFlares":true,"showImageEffects":true,"showParticleSystems":true,"showVisualEffectGraphs":true,"m_FxEnabled":true},"in2DMode":false,"pivot":{"x":0.48199915885925295,"y":0.7560572624206543,"z":-0.8256585597991943},"rotation":{"x":0.1946856826543808,"y":0.478118896484375,"z":-0.10958654433488846,"w":0.8494095802307129},"size":2.1644716262817385,"orthographic":false}